student_id,date,session_attended_min,practice_questions,last_quiz_score,days_until_next_quiz
S001,2025-10-01,88,18,,9
S001,2025-10-02,90,22,,8
S001,2025-10-03,87,15,,7
S001,2025-10-04,85,20,,6
S001,2025-10-07,90,25,,5
S001,2025-10-08,88,19,,4
S001,2025-10-09,90,17,,3
S001,2025-10-10,85,12,89,10
S001,2025-10-13,88,16,89,7
S001,2025-10-14,90,21,89,6
S002,2025-10-01,85,20,,9
S002,2025-10-02,88,24,,8
S002,2025-10-03,90,18,,7
S002,2025-10-04,87,22,,6
S002,2025-10-07,85,20,,5
S002,2025-10-08,90,25,,4
S002,2025-10-09,88,16,,3
S002,2025-10-10,90,14,92,10
S002,2025-10-13,87,19,92,7
S002,2025-10-14,88,23,92,6
S003,2025-10-01,90,16,,9
S003,2025-10-02,85,21,,8
S003,2025-10-03,88,19,,7
S003,2025-10-04,90,17,,6
S003,2025-10-07,87,22,,5
S003,2025-10-08,90,18,,4
S003,2025-10-09,85,20,,3
S003,2025-10-10,88,15,87,10
S003,2025-10-13,90,17,87,7
S003,2025-10-14,87,20,87,6
S004,2025-10-01,45,3,,9
S004,2025-10-02,50,0,,8
S004,2025-10-03,40,2,,7
S004,2025-10-04,55,5,,6
S004,2025-10-07,38,1,,5
S004,2025-10-08,48,0,,4
S004,2025-10-09,42,4,,3
S004,2025-10-10,50,2,42,10
S004,2025-10-13,45,0,42,7
S004,2025-10-14,40,1,42,6
S005,2025-10-01,85,22,,9
S005,2025-10-02,88,25,,8
S005,2025-10-03,90,20,,7
S005,2025-10-04,87,23,,6
S005,2025-10-07,85,18,,5
S005,2025-10-08,88,21,,4
S005,2025-10-09,90,15,,3
S005,2025-10-10,85,12,85,10
S005,2025-10-13,0,0,85,7
S005,2025-10-14,0,0,85,6
S006,2025-10-01,88,19,,9
S006,2025-10-02,90,24,,8
S006,2025-10-03,85,21,,7
S006,2025-10-04,88,18,,6
S006,2025-10-07,90,22,,5
S006,2025-10-08,87,17,,4
S006,2025-10-09,85,20,,3
S006,2025-10-10,90,14,88,10
S006,2025-10-13,25,2,88,7
S006,2025-10-14,0,0,88,6
S007,2025-10-01,50,8,,9
S007,2025-10-02,55,12,,8
S007,2025-10-03,48,6,,7
S007,2025-10-04,52,10,,6
S007,2025-10-07,58,15,,5
S007,2025-10-08,60,18,,4
S007,2025-10-09,62,14,,3
S007,2025-10-10,65,12,68,10
S007,2025-10-13,70,20,68,7
S007,2025-10-14,72,22,68,6
S008,2025-10-01,88,0,,9
S008,2025-10-02,90,1,,8
S008,2025-10-03,85,0,,7
S008,2025-10-04,87,2,,6
S008,2025-10-07,90,0,,5
S008,2025-10-08,88,1,,4
S008,2025-10-09,85,0,,3
S008,2025-10-10,90,1,62,10
S008,2025-10-13,87,0,62,7
S008,2025-10-14,88,1,62,6
S009,2025-10-01,40,35,,9
S009,2025-10-02,38,40,,8
S009,2025-10-03,42,32,,7
S009,2025-10-04,45,38,,6
S009,2025-10-07,40,35,,5
S009,2025-10-08,38,42,,4
S009,2025-10-09,35,30,,3
S009,2025-10-10,40,25,58,10
S009,2025-10-13,42,38,58,7
S009,2025-10-14,38,35,58,6
S010,2025-10-01,85,18,,9
S010,2025-10-02,88,21,,8
S010,2025-10-03,90,17,,7
S010,2025-10-04,87,20,,6
S010,2025-10-07,85,22,,5
S010,2025-10-08,88,19,,4
S010,2025-10-09,90,16,,3
S010,2025-10-10,85,14,86,10
S010,2025-10-13,88,18,86,7
S010,2025-10-14,90,20,86,6
S011,2025-10-01,90,25,,9
S011,2025-10-02,88,23,,8
S011,2025-10-03,85,20,,7
S011,2025-10-04,90,24,,6
S011,2025-10-07,87,21,,5
S011,2025-10-08,90,26,,4
S011,2025-10-09,88,19,,3
S011,2025-10-10,90,17,91,10
S011,2025-10-13,87,22,91,7
S011,2025-10-14,90,24,91,6
S012,2025-10-01,35,2,,9
S012,2025-10-02,40,0,,8
S012,2025-10-03,30,1,,7
S012,2025-10-04,38,3,,6
S012,2025-10-07,32,0,,5
S012,2025-10-08,35,2,,4
S012,2025-10-09,40,1,,3
S012,2025-10-10,,0,28,10
S012,2025-10-13,30,0,28,7
S012,2025-10-14,0,0,28,6
S013,2025-10-01,88,20,,9
S013,2025-10-02,85,18,,8
S013,2025-10-03,90,22,,7
S013,2025-10-04,87,17,,6
S013,2025-10-07,88,21,,5
S013,2025-10-08,90,19,,4
S013,2025-10-09,85,16,,3
S013,2025-10-10,88,14,84,10
S013,2025-10-13,50,8,84,7
S013,2025-10-14,45,5,84,6
S014,2025-10-01,70,10,,9
S014,2025-10-02,65,8,,8
S014,2025-10-03,75,12,,7
S014,2025-10-04,68,9,,6
S014,2025-10-07,72,11,,5
S014,2025-10-08,70,10,,4
S014,2025-10-09,65,8,,3
S014,2025-10-10,70,9,65,10
S014,2025-10-13,68,10,65,7
S014,2025-10-14,72,11,65,6
S015,2025-10-01,85,0,,9
S015,2025-10-02,88,1,,8
S015,2025-10-03,90,0,,7
S015,2025-10-04,87,2,,6
S015,2025-10-07,85,0,,5
S015,2025-10-08,88,1,,4
S015,2025-10-09,90,0,,3
S015,2025-10-10,85,1,58,10
S015,2025-10-13,88,0,58,7
S015,2025-10-14,90,0,58,6
S016,2025-10-01,48,15,,9
S016,2025-10-02,52,18,,8
S016,2025-10-03,45,12,,7
S016,2025-10-04,50,16,,6
S016,2025-10-07,48,14,,5
S016,2025-10-08,52,17,,4
S016,2025-10-09,50,13,,3
S016,2025-10-10,48,10,55,10
S016,2025-10-13,52,16,55,7
S016,2025-10-14,50,14,55,6
S017,2025-10-01,85,19,,9
S017,2025-10-02,88,22,,8
S017,2025-10-03,90,18,,7
S017,2025-10-04,87,20,,6
S017,2025-10-07,85,21,,5
S017,2025-10-08,88,17,,4
S017,2025-10-09,90,19,,3
S017,2025-10-10,85,15,83,10
S017,2025-10-13,60,8,83,7
S017,2025-10-14,55,6,83,6
S018,2025-10-01,90,24,,9
S018,2025-10-02,88,26,,8
S018,2025-10-03,85,21,,7
S018,2025-10-04,90,25,,6
S018,2025-10-07,87,23,,5
S018,2025-10-08,90,27,,4
S018,2025-10-09,88,20,,3
S018,2025-10-10,90,18,90,10
S018,2025-10-13,87,24,90,7
S018,2025-10-14,90,26,90,6
S019,2025-10-01,42,4,,9
S019,2025-10-02,45,2,,8
S019,2025-10-03,40,5,,7
S019,2025-10-04,48,3,,6
S019,2025-10-07,42,1,,5
S019,2025-10-08,45,4,,4
S019,2025-10-09,40,2,,3
S019,2025-10-10,42,3,38,10
S019,2025-10-13,45,2,38,7
S019,2025-10-14,40,1,38,6
S020,2025-10-01,85,21,,9
S020,2025-10-02,88,19,,8
S020,2025-10-03,90,23,,7
S020,2025-10-04,87,18,,6
S020,2025-10-07,85,22,,5
S020,2025-10-08,88,20,,4
S020,2025-10-09,90,17,,3
S020,2025-10-10,85,15,87,10
S020,2025-10-13,88,20,87,7
S020,2025-10-14,90,22,87,6
S021,2025-10-01,88,17,,9
S021,2025-10-02,90,20,,8
S021,2025-10-03,85,16,,7
S021,2025-10-04,88,19,,6
S021,2025-10-07,90,18,,5
S021,2025-10-08,87,21,,4
S021,2025-10-09,85,15,,3
S021,2025-10-10,90,13,85,10
S021,2025-10-13,87,17,85,7
S021,2025-10-14,88,19,85,6
S022,2025-10-01,38,1,,9
S022,2025-10-02,42,0,,8
S022,2025-10-03,35,2,,7
S022,2025-10-04,40,1,,6
S022,2025-10-07,38,0,,5
S022,2025-10-08,42,1,,4
S022,2025-10-09,35,0,,3
S022,2025-10-10,40,1,32,10
S022,2025-10-13,38,0,32,7
S022,2025-10-14,35,0,32,6
S023,2025-10-01,85,22,,9
S023,2025-10-02,88,25,,8
S023,2025-10-03,90,19,,7
S023,2025-10-04,87,23,,6
S023,2025-10-07,85,20,,5
S023,2025-10-08,88,24,,4
S023,2025-10-09,90,18,,3
S023,2025-10-10,85,16,88,10
S023,2025-10-13,0,0,88,7
S023,2025-10-14,0,1,88,6
S024,2025-10-01,50,25,,9
S024,2025-10-02,48,30,,8
S024,2025-10-03,52,22,,7
S024,2025-10-04,50,28,,6
S024,2025-10-07,48,25,,5
S024,2025-10-08,52,32,,4
S024,2025-10-09,50,20,,3
S024,2025-10-10,48,18,62,10
S024,2025-10-13,52,26,62,7
S024,2025-10-14,50,24,62,6
S025,2025-10-01,85,18,,9
S025,2025-10-02,88,21,,8
S025,2025-10-03,90,17,,7
S025,2025-10-04,87,20,,6
S025,2025-10-07,85,19,,5
S025,2025-10-08,88,22,,4
S025,2025-10-09,90,16,,3
S025,2025-10-10,85,14,84,10
S025,2025-10-13,88,18,84,7
S025,2025-10-14,90,20,84,6
S026,2025-10-01,90,23,,9
S026,2025-10-02,88,26,,8
S026,2025-10-03,85,20,,7
S026,2025-10-04,90,24,,6
S026,2025-10-07,87,22,,5
S026,2025-10-08,90,27,,4
S026,2025-10-09,88,19,,3
S026,2025-10-10,90,17,89,10
S026,2025-10-13,87,23,89,7
S026,2025-10-14,90,25,89,6
S027,2025-10-01,40,3,,9
S027,2025-10-02,45,5,,8
S027,2025-10-03,38,2,,7
S027,2025-10-04,42,4,,6
S027,2025-10-07,40,1,,5
S027,2025-10-08,45,3,,4
S027,2025-10-09,38,2,,3
S027,2025-10-10,40,2,40,10
S027,2025-10-13,42,3,40,7
S027,2025-10-14,40,2,40,6
S028,2025-10-01,85,20,,9
S028,2025-10-02,88,23,,8
S028,2025-10-03,90,18,,7
S028,2025-10-04,87,21,,6
S028,2025-10-07,85,19,,5
S028,2025-10-08,88,22,,4
S028,2025-10-09,90,17,,3
S028,2025-10-10,85,15,86,10
S028,2025-10-13,30,3,86,7
S028,2025-10-14,20,1,86,6
S029,2025-10-01,70,12,,9
S029,2025-10-02,68,10,,8
S029,2025-10-03,72,14,,7
S029,2025-10-04,70,11,,6
S029,2025-10-07,68,13,,5
S029,2025-10-08,72,10,,4
S029,2025-10-09,70,12,,3
S029,2025-10-10,68,9,68,10
S029,2025-10-13,70,11,68,7
S029,2025-10-14,72,13,68,6
S030,2025-10-01,88,1,,9
S030,2025-10-02,90,0,,8
S030,2025-10-03,85,2,,7
S030,2025-10-04,88,1,,6
S030,2025-10-07,90,0,,5
S030,2025-10-08,87,1,,4
S030,2025-10-09,85,0,,3
S030,2025-10-10,88,1,60,10
S030,2025-10-13,90,0,60,7
S030,2025-10-14,87,2,60,6
S031,2025-10-01,88,19,,9
S031,2025-10-02,85,22,,8
S031,2025-10-03,90,17,,7
S031,2025-10-04,87,20,,6
S031,2025-10-07,88,18,,5
S031,2025-10-08,90,21,,4
S031,2025-10-09,85,16,,3
S031,2025-10-10,88,14,83,10
S031,2025-10-13,87,18,83,7
S031,2025-10-14,90,20,83,6
S032,2025-10-01,90,24,,9
S032,2025-10-02,88,27,,8
S032,2025-10-03,85,21,,7
S032,2025-10-04,90,25,,6
S032,2025-10-07,87,23,,5
S032,2025-10-08,90,28,,4
S032,2025-10-09,88,20,,3
S032,2025-10-10,90,18,92,10
S032,2025-10-13,87,24,92,7
S032,2025-10-14,90,26,92,6
S033,2025-10-01,35,2,,9
S033,2025-10-02,40,1,,8
S033,2025-10-03,32,0,,7
S033,2025-10-04,38,2,,6
S033,2025-10-07,35,1,,5
S033,2025-10-08,40,0,,4
S033,2025-10-09,32,1,,3
S033,2025-10-10,38,1,30,10
S033,2025-10-13,35,0,30,7
S033,2025-10-14,32,0,30,6
S034,2025-10-01,85,21,,9
S034,2025-10-02,88,24,,8
S034,2025-10-03,90,19,,7
S034,2025-10-04,87,22,,6
S034,2025-10-07,85,20,,5
S034,2025-10-08,88,23,,4
S034,2025-10-09,90,18,,3
S034,2025-10-10,85,16,87,10
S034,2025-10-13,88,20,87,7
S034,2025-10-14,90,22,87,6
S035,2025-10-01,45,20,,9
S035,2025-10-02,48,25,,8
S035,2025-10-03,42,18,,7
S035,2025-10-04,45,22,,6
S035,2025-10-07,48,20,,5
S035,2025-10-08,50,26,,4
S035,2025-10-09,45,17,,3
S035,2025-10-10,48,15,57,10
S035,2025-10-13,50,21,57,7
S035,2025-10-14,45,19,57,6
S036,2025-10-01,85,18,,9
S036,2025-10-02,88,21,,8
S036,2025-10-03,90,17,,7
S036,2025-10-04,87,20,,6
S036,2025-10-07,85,19,,5
S036,2025-10-08,88,22,,4
S036,2025-10-09,90,16,,3
S036,2025-10-10,85,14,85,10
S036,2025-10-13,88,18,85,7
S036,2025-10-14,90,20,85,6
S037,2025-10-01,90,22,,9
S037,2025-10-02,88,25,,8
S037,2025-10-03,85,19,,7
S037,2025-10-04,90,23,,6
S037,2025-10-07,87,21,,5
S037,2025-10-08,90,26,,4
S037,2025-10-09,88,18,,3
S037,2025-10-10,90,16,88,10
S037,2025-10-13,87,22,88,7
S037,2025-10-14,90,24,88,6
S038,2025-10-01,38,3,,9
S038,2025-10-02,42,1,,8
S038,2025-10-03,35,2,,7
S038,2025-10-04,40,4,,6
S038,2025-10-07,38,2,,5
S038,2025-10-08,42,3,,4
S038,2025-10-09,35,1,,3
S038,2025-10-10,40,2,35,10
S038,2025-10-13,38,1,35,7
S038,2025-10-14,35,0,35,6
S039,2025-10-01,85,20,,9
S039,2025-10-02,88,23,,8
S039,2025-10-03,90,18,,7
S039,2025-10-04,87,21,,6
S039,2025-10-07,85,19,,5
S039,2025-10-08,88,22,,4
S039,2025-10-09,90,17,,3
S039,2025-10-10,85,15,84,10
S039,2025-10-13,20,2,84,7
S039,2025-10-14,0,0,84,6
S040,2025-10-01,68,11,,9
S040,2025-10-02,70,9,,8
S040,2025-10-03,72,13,,7
S040,2025-10-04,68,10,,6
S040,2025-10-07,70,12,,5
S040,2025-10-08,72,9,,4
S040,2025-10-09,68,11,,3
S040,2025-10-10,70,8,66,10
S040,2025-10-13,72,10,66,7
S040,2025-10-14,68,12,66,6
S041,2025-10-01,87,0,,9
S041,2025-10-02,90,1,,8
S041,2025-10-03,88,0,,7
S041,2025-10-04,85,2,,6
S041,2025-10-07,87,0,,5
S041,2025-10-08,90,1,,4
S041,2025-10-09,88,0,,3
S041,2025-10-10,85,1,59,10
S041,2025-10-13,87,0,59,7
S041,2025-10-14,90,0,59,6
S042,2025-10-01,85,18,,9
S042,2025-10-02,88,20,,8
S042,2025-10-03,60,12,,7
S042,2025-10-04,90,15,,6
S042,2025-10-07,85,17,,5
S042,2025-10-08,,0,82,4
S042,2025-10-09,87,14,,3
S042,2025-10-10,85,11,82,10
S042,2025-10-13,88,16,82,7
S042,2025-10-14,90,18,82,6
S043,2025-10-01,88,21,,9
S043,2025-10-02,90,24,,8
S043,2025-10-03,85,18,,7
S043,2025-10-04,88,22,,6
S043,2025-10-07,90,20,,5
S043,2025-10-08,87,25,,4
S043,2025-10-09,85,17,,3
S043,2025-10-10,88,15,86,10
S043,2025-10-13,90,21,86,7
S043,2025-10-14,87,23,86,6
S044,2025-10-01,40,4,,9
S044,2025-10-02,45,2,,8
S044,2025-10-03,38,5,,7
S044,2025-10-04,42,3,,6
S044,2025-10-07,40,1,,5
S044,2025-10-08,45,4,,4
S044,2025-10-09,38,2,,3
S044,2025-10-10,42,3,39,10
S044,2025-10-13,40,2,39,7
S044,2025-10-14,38,1,39,6
S045,2025-10-01,85,19,,9
S045,2025-10-02,88,22,,8
S045,2025-10-03,90,17,,7
S045,2025-10-04,87,20,,6
S045,2025-10-07,85,18,,5
S045,2025-10-08,88,21,,4
S045,2025-10-09,90,16,,3
S045,2025-10-10,85,14,83,10
S045,2025-10-13,88,19,83,7
S045,2025-10-14,90,21,83,6
S046,2025-10-01,50,22,,9
S046,2025-10-02,48,28,,8
S046,2025-10-03,52,20,,7
S046,2025-10-04,50,26,,6
S046,2025-10-07,48,23,,5
S046,2025-10-08,52,30,,4
S046,2025-10-09,50,18,,3
S046,2025-10-10,48,16,61,10
S046,2025-10-13,52,24,61,7
S046,2025-10-14,50,22,61,6
S047,2025-10-01,85,20,,9
S047,2025-10-02,88,23,,8
S047,2025-10-03,90,18,,7
S047,2025-10-04,87,21,,6
S047,2025-10-07,85,19,,5
S047,2025-10-08,88,22,,4
S047,2025-10-09,90,17,,3
S047,2025-10-10,85,15,85,10
S047,2025-10-13,88,20,85,7
S047,2025-10-14,90,22,85,6
S048,2025-10-01,90,23,,9
S048,2025-10-02,88,26,,8
S048,2025-10-03,85,20,,7
S048,2025-10-04,90,24,,6
S048,2025-10-07,87,22,,5
S048,2025-10-08,90,27,,4
S048,2025-10-09,88,19,,3
S048,2025-10-10,90,17,89,10
S048,2025-10-13,87,23,89,7
S048,2025-10-14,90,25,89,6
S049,2025-10-01,35,1,,9
S049,2025-10-02,40,0,,8
S049,2025-10-03,32,2,,7
S049,2025-10-04,38,1,,6
S049,2025-10-07,35,0,,5
S049,2025-10-08,40,1,,4
S049,2025-10-09,32,0,,3
S049,2025-10-10,38,1,31,10
S049,2025-10-13,35,0,31,7
S049,2025-10-14,32,0,31,6
S050,2025-10-01,85,21,,9
S050,2025-10-02,88,24,,8
S050,2025-10-03,90,19,,7
S050,2025-10-04,87,22,,6
S050,2025-10-07,85,20,,5
S050,2025-10-08,88,23,,4
S050,2025-10-09,90,18,,3
S050,2025-10-10,85,16,86,10
S050,2025-10-13,45,8,86,7
S050,2025-10-14,30,4,86,6
S051,2025-10-01,90,0,,9
S051,2025-10-02,85,1,,8
S051,2025-10-03,88,18,,7
S051,2025-10-04,90,0,,6
S051,2025-10-07,87,2,,5
S051,2025-10-08,85,120,,4
S051,2025-10-09,88,0,,3
S051,2025-10-10,90,95,52,10
S051,2025-10-13,87,1,52,7
S051,2025-10-14,85,0,52,6
S052,2025-10-01,88,19,,9
S052,2025-10-02,85,22,,8
S052,2025-10-03,90,17,,7
S052,2025-10-04,87,20,,6
S052,2025-10-07,88,18,,5
S052,2025-10-08,90,21,,4
S052,2025-10-09,85,16,,3
S052,2025-10-10,88,14,84,10
S052,2025-10-13,87,18,84,7
S052,2025-10-14,90,20,84,6
S053,2025-10-01,90,24,,9
S053,2025-10-02,88,27,,8
S053,2025-10-03,85,21,,7
S053,2025-10-04,90,25,,6
S053,2025-10-07,87,23,,5
S053,2025-10-08,90,28,,4
S053,2025-10-09,88,20,,3
S053,2025-10-10,90,18,91,10
S053,2025-10-13,87,24,91,7
S053,2025-10-14,90,26,91,6
S054,2025-10-01,38,3,,9
S054,2025-10-02,42,1,,8
S054,2025-10-03,35,2,,7
S054,2025-10-04,40,4,,6
S054,2025-10-07,38,2,,5
S054,2025-10-08,42,3,,4
S054,2025-10-09,35,1,,3
S054,2025-10-10,40,2,36,10
S054,2025-10-13,38,1,36,7
S054,2025-10-14,35,0,36,6
S055,2025-10-01,85,20,,9
S055,2025-10-02,88,23,,8
S055,2025-10-03,90,18,,7
S055,2025-10-04,87,21,,6
S055,2025-10-07,85,19,,5
S055,2025-10-08,88,22,,4
S055,2025-10-09,90,17,,3
S055,2025-10-10,85,15,85,10
S055,2025-10-13,88,20,85,7
S055,2025-10-14,90,22,85,6
S056,2025-10-01,70,10,,9
S056,2025-10-02,68,8,,8
S056,2025-10-03,72,12,,7
S056,2025-10-04,70,9,,6
S056,2025-10-07,68,11,,5
S056,2025-10-08,72,8,,4
S056,2025-10-09,70,10,,3
S056,2025-10-10,68,7,67,10
S056,2025-10-13,70,9,67,7
S056,2025-10-14,72,11,67,6
S057,2025-10-01,88,1,,9
S057,2025-10-02,90,0,,8
S057,2025-10-03,85,2,,7
S057,2025-10-04,88,1,,6
S057,2025-10-07,90,0,,5
S057,2025-10-08,87,1,,4
S057,2025-10-09,85,0,,3
S057,2025-10-10,88,1,61,10
S057,2025-10-13,90,0,61,7
S057,2025-10-14,87,2,61,6
S058,2025-10-01,55,8,,9
S058,2025-10-02,50,6,,8
S058,2025-10-03,58,10,,7
S058,2025-10-04,55,7,,6
S058,2025-10-07,52,9,,5
S058,2025-10-08,58,12,,4
S058,2025-10-09,60,15,,3
S058,2025-10-10,62,13,70,10
S058,2025-10-13,68,18,70,7
S058,2025-10-14,70,20,70,6
S059,2025-10-01,88,19,,9
S059,2025-10-02,85,22,,8
S059,2025-10-03,90,17,,7
S059,2025-10-04,87,20,,6
S059,2025-10-07,88,18,,5
S059,2025-10-08,90,21,,4
S059,2025-10-09,85,16,,3
S059,2025-10-10,88,14,83,10
S059,2025-10-13,87,18,83,7
S059,2025-10-14,90,20,83,6
S060,2025-10-01,90,23,,9
S060,2025-10-02,88,26,,8
S060,2025-10-03,85,20,,7
S060,2025-10-04,90,24,,6
S060,2025-10-07,87,22,,5
S060,2025-10-08,90,27,,4
S060,2025-10-09,88,19,,3
S060,2025-10-10,90,17,90,10
S060,2025-10-13,87,23,90,7
S060,2025-10-14,90,25,90,6
S061,2025-10-01,32,2,,9
S061,2025-10-02,38,1,,8
S061,2025-10-03,30,0,,7
S061,2025-10-04,35,2,,6
S061,2025-10-07,32,1,,5
S061,2025-10-08,38,0,,4
S061,2025-10-09,30,1,,3
S061,2025-10-10,35,1,29,10
S061,2025-10-13,32,0,29,7
S061,2025-10-14,30,0,29,6
S062,2025-10-01,85,21,,9
S062,2025-10-02,88,24,,8
S062,2025-10-03,90,19,,7
S062,2025-10-04,87,22,,6
S062,2025-10-07,85,20,,5
S062,2025-10-08,88,23,,4
S062,2025-10-09,90,18,,3
S062,2025-10-10,85,16,87,10
S062,2025-10-13,88,20,87,7
S062,2025-10-14,90,22,87,6
S063,2025-10-01,45,18,,9
S063,2025-10-02,48,23,,8
S063,2025-10-03,42,16,,7
S063,2025-10-04,45,20,,6
S063,2025-10-07,48,18,,5
S063,2025-10-08,50,24,,4
S063,2025-10-09,45,15,,3
S063,2025-10-10,48,13,56,10
S063,2025-10-13,50,19,56,7
S063,2025-10-14,45,17,56,6
S064,2025-10-01,85,18,,9
S064,2025-10-02,88,21,,8
S064,2025-10-03,90,17,,7
S064,2025-10-04,87,20,,6
S064,2025-10-07,85,19,,5
S064,2025-10-08,88,22,,4
S064,2025-10-09,90,16,,3
S064,2025-10-10,85,14,84,10
S064,2025-10-13,88,18,84,7
S064,2025-10-14,90,20,84,6
S065,2025-10-01,90,22,,9
S065,2025-10-02,88,25,,8
S065,2025-10-03,85,19,,7
S065,2025-10-04,90,23,,6
S065,2025-10-07,87,21,,5
S065,2025-10-08,90,26,,4
S065,2025-10-09,88,18,,3
S065,2025-10-10,90,16,88,10
S065,2025-10-13,87,22,88,7
S065,2025-10-14,90,24,88,6
S066,2025-10-01,35,2,,9
S066,2025-10-02,40,4,,8
S066,2025-10-03,32,1,,7
S066,2025-10-04,38,3,,6
S066,2025-10-07,35,2,,5
S066,2025-10-08,40,4,,4
S066,2025-10-09,32,1,,3
S066,2025-10-10,38,2,34,10
S066,2025-10-13,35,1,34,7
S066,2025-10-14,32,0,34,6
S067,2025-10-01,85,20,,9
S067,2025-10-02,88,23,,8
S067,2025-10-03,90,18,,7
S067,2025-10-04,87,21,,6
S067,2025-10-07,85,19,,5
S067,2025-10-08,88,22,,4
S067,2025-10-09,90,17,,3
S067,2025-10-10,85,15,86,10
S067,2025-10-13,30,5,86,7
S067,2025-10-14,15,2,86,6
S068,2025-10-01,68,9,,9
S068,2025-10-02,70,11,,8
S068,2025-10-03,72,8,,7
S068,2025-10-04,68,10,,6
S068,2025-10-07,70,9,,5
S068,2025-10-08,72,12,,4
S068,2025-10-09,68,8,,3
S068,2025-10-10,70,7,65,10
S068,2025-10-13,72,10,65,7
S068,2025-10-14,68,11,65,6
S069,2025-10-01,87,0,,9
S069,2025-10-02,90,1,,8
S069,2025-10-03,88,0,,7
S069,2025-10-04,85,2,,6
S069,2025-10-07,87,0,,5
S069,2025-10-08,90,1,,4
S069,2025-10-09,88,0,,3
S069,2025-10-10,85,1,58,10
S069,2025-10-13,87,0,58,7
S069,2025-10-14,90,0,58,6
S070,2025-10-01,52,15,,9
S070,2025-10-02,48,12,,8
S070,2025-10-03,55,18,,7
S070,2025-10-04,50,14,,6
S070,2025-10-07,52,16,,5
S070,2025-10-08,55,20,,4
S070,2025-10-09,58,22,,3
S070,2025-10-10,60,19,72,10
S070,2025-10-13,65,24,72,7
S070,2025-10-14,68,26,72,6
S071,2025-10-01,88,19,,9
S071,2025-10-02,85,22,,8
S071,2025-10-03,90,17,,7
S071,2025-10-04,87,20,,6
S071,2025-10-07,88,18,,5
S071,2025-10-08,90,21,,4
S071,2025-10-09,85,16,,3
S071,2025-10-10,88,14,82,10
S071,2025-10-13,87,18,82,7
S071,2025-10-14,90,20,82,6
S072,2025-10-01,90,24,,9
S072,2025-10-02,88,27,,8
S072,2025-10-03,85,21,,7
S072,2025-10-04,90,25,,6
S072,2025-10-07,87,23,,5
S072,2025-10-08,90,28,,4
S072,2025-10-09,88,20,,3
S072,2025-10-10,90,18,91,10
S072,2025-10-13,87,24,91,7
S072,2025-10-14,90,26,91,6
S073,2025-10-01,30,1,,9
S073,2025-10-02,35,0,,8
S073,2025-10-03,28,2,,7
S073,2025-10-04,32,1,,6
S073,2025-10-07,30,0,,5
S073,2025-10-08,35,1,,4
S073,2025-10-09,28,0,,3
S073,2025-10-10,32,1,27,10
S073,2025-10-13,30,0,27,7
S073,2025-10-14,28,0,27,6
S074,2025-10-01,85,21,,9
S074,2025-10-02,88,24,,8
S074,2025-10-03,90,19,,7
S074,2025-10-04,87,22,,6
S074,2025-10-07,85,20,,5
S074,2025-10-08,88,23,,4
S074,2025-10-09,90,18,,3
S074,2025-10-10,85,16,86,10
S074,2025-10-13,88,20,86,7
S074,2025-10-14,90,22,86,6
S075,2025-10-01,42,16,,9
S075,2025-10-02,45,20,,8
S075,2025-10-03,40,14,,7
S075,2025-10-04,42,18,,6
S075,2025-10-07,45,16,,5
S075,2025-10-08,48,22,,4
S075,2025-10-09,42,13,,3
S075,2025-10-10,45,11,54,10
S075,2025-10-13,48,17,54,7
S075,2025-10-14,42,15,54,6
S076,2025-10-01,85,18,,9
S076,2025-10-02,88,21,,8
S076,2025-10-03,90,17,,7
S076,2025-10-04,87,20,,6
S076,2025-10-07,85,19,,5
S076,2025-10-08,88,22,,4
S076,2025-10-09,90,16,,3
S076,2025-10-10,85,14,84,10
S076,2025-10-13,88,18,84,7
S076,2025-10-14,90,20,84,6
S077,2025-10-01,90,23,,9
S077,2025-10-02,88,26,,8
S077,2025-10-03,85,20,,7
S077,2025-10-04,90,24,,6
S077,2025-10-07,87,22,,5
S077,2025-10-08,90,27,,4
S077,2025-10-09,88,19,,3
S077,2025-10-10,90,17,89,10
S077,2025-10-13,87,23,89,7
S077,2025-10-14,90,25,89,6
S078,2025-10-01,32,2,,9
S078,2025-10-02,38,1,,8
S078,2025-10-03,30,0,,7
S078,2025-10-04,35,2,,6
S078,2025-10-07,32,1,,5
S078,2025-10-08,38,0,,4
S078,2025-10-09,30,1,,3
S078,2025-10-10,35,1,30,10
S078,2025-10-13,32,0,30,7
S078,2025-10-14,30,0,30,6
S079,2025-10-01,85,20,,9
S079,2025-10-02,88,23,,8
S079,2025-10-03,90,18,,7
S079,2025-10-04,87,21,,6
S079,2025-10-07,85,19,,5
S079,2025-10-08,88,22,,4
S079,2025-10-09,90,17,,3
S079,2025-10-10,85,15,85,10
S079,2025-10-13,88,20,85,7
S079,2025-10-14,90,22,85,6
S080,2025-10-01,65,8,,9
S080,2025-10-02,68,10,,8
S080,2025-10-03,70,7,,7
S080,2025-10-04,65,9,,6
S080,2025-10-07,68,8,,5
S080,2025-10-08,70,11,,4
S080,2025-10-09,65,7,,3
S080,2025-10-10,68,6,64,10
S080,2025-10-13,70,9,64,7
S080,2025-10-14,65,10,64,6
S081,2025-10-01,88,1,,9
S081,2025-10-02,90,0,,8
S081,2025-10-03,85,2,,7
S081,2025-10-04,88,1,,6
S081,2025-10-07,90,0,,5
S081,2025-10-08,87,1,,4
S081,2025-10-09,85,0,,3
S081,2025-10-10,88,1,60,10
S081,2025-10-13,90,18,60,7
S081,2025-10-14,87,22,60,6
S082,2025-10-01,88,19,,9
S082,2025-10-02,85,22,,8
S082,2025-10-03,90,17,,7
S082,2025-10-04,87,20,,6
S082,2025-10-07,88,18,,5
S082,2025-10-08,90,21,,4
S082,2025-10-09,85,16,,3
S082,2025-10-10,88,14,83,10
S082,2025-10-13,87,18,83,7
S082,2025-10-14,90,20,83,6
S083,2025-10-01,90,24,,9
S083,2025-10-02,88,27,,8
S083,2025-10-03,85,21,,7
S083,2025-10-04,90,25,,6
S083,2025-10-07,87,23,,5
S083,2025-10-08,90,28,,4
S083,2025-10-09,88,20,,3
S083,2025-10-10,90,18,90,10
S083,2025-10-13,87,24,90,7
S083,2025-10-14,90,26,90,6
S084,2025-10-01,28,1,,9
S084,2025-10-02,32,0,,8
S084,2025-10-03,25,2,,7
S084,2025-10-04,30,1,,6
S084,2025-10-07,28,0,,5
S084,2025-10-08,32,1,,4
S084,2025-10-09,25,0,,3
S084,2025-10-10,30,1,26,10
S084,2025-10-13,28,0,26,7
S084,2025-10-14,25,0,26,6
S085,2025-10-01,85,21,,9
S085,2025-10-02,88,24,,8
S085,2025-10-03,90,19,,7
S085,2025-10-04,87,22,,6
S085,2025-10-07,85,20,,5
S085,2025-10-08,88,23,,4
S085,2025-10-09,90,18,,3
S085,2025-10-10,85,16,87,10
S085,2025-10-13,88,20,87,7
S085,2025-10-14,90,22,87,6
S086,2025-10-01,40,14,,9
S086,2025-10-02,45,18,,8
S086,2025-10-03,38,12,,7
S086,2025-10-04,42,16,,6
S086,2025-10-07,40,14,,5
S086,2025-10-08,45,20,,4
S086,2025-10-09,38,11,,3
S086,2025-10-10,42,9,53,10
S086,2025-10-13,45,15,53,7
S086,2025-10-14,40,13,53,6
S087,2025-10-01,85,18,,9
S087,2025-10-02,88,21,,8
S087,2025-10-03,90,17,,7
S087,2025-10-04,87,20,,6
S087,2025-10-07,85,19,,5
S087,2025-10-08,88,22,,4
S087,2025-10-09,90,16,,3
S087,2025-10-10,85,14,84,10
S087,2025-10-13,88,18,84,7
S087,2025-10-14,90,20,84,6
S088,2025-10-01,90,22,,9
S088,2025-10-02,88,25,,8
S088,2025-10-03,85,19,,7
S088,2025-10-04,90,23,,6
S088,2025-10-07,87,21,,5
S088,2025-10-08,90,26,,4
S088,2025-10-09,88,18,,3
S088,2025-10-10,90,16,88,10
S088,2025-10-13,87,22,88,7
S088,2025-10-14,90,24,88,6
S089,2025-10-01,30,2,,9
S089,2025-10-02,35,3,,8
S089,2025-10-03,28,1,,7
S089,2025-10-04,32,2,,6
S089,2025-10-07,30,1,,5
S089,2025-10-08,35,3,,4
S089,2025-10-09,28,1,,3
S089,2025-10-10,32,2,33,10
S089,2025-10-13,30,1,33,7
S089,2025-10-14,28,0,33,6
S090,2025-10-01,85,20,,9
S090,2025-10-02,88,23,,8
S090,2025-10-03,90,18,,7
S090,2025-10-04,87,21,,6
S090,2025-10-07,85,19,,5
S090,2025-10-08,88,22,,4
S090,2025-10-09,90,17,,3
S090,2025-10-10,85,15,86,10
S090,2025-10-13,88,20,86,7
S090,2025-10-14,90,22,86,6
S091,2025-10-01,85,22,,9
S091,2025-10-02,80,18,,8
S091,2025-10-03,88,20,,7
S091,2025-10-04,85,15,,6
S091,2025-10-07,15,3,,5
S091,2025-10-08,30,5,,4
S091,2025-10-09,20,2,,3
S091,2025-10-10,25,1,48,10
S091,2025-10-13,0,0,48,7
S091,2025-10-14,0,0,48,6
S092,2025-10-01,62,7,,9
S092,2025-10-02,65,9,,8
S092,2025-10-03,68,6,,7
S092,2025-10-04,62,8,,6
S092,2025-10-07,65,7,,5
S092,2025-10-08,68,10,,4
S092,2025-10-09,62,6,,3
S092,2025-10-10,65,5,63,10
S092,2025-10-13,68,8,63,7
S092,2025-10-14,62,9,63,6
S093,2025-10-01,87,0,,9
S093,2025-10-02,90,1,,8
S093,2025-10-03,88,0,,7
S093,2025-10-04,85,2,,6
S093,2025-10-07,87,0,,5
S093,2025-10-08,90,1,,4
S093,2025-10-09,88,0,,3
S093,2025-10-10,85,1,57,10
S093,2025-10-13,87,0,57,7
S093,2025-10-14,90,0,57,6
S094,2025-10-01,88,19,,9
S094,2025-10-02,85,22,,8
S094,2025-10-03,90,17,,7
S094,2025-10-04,87,20,,6
S094,2025-10-07,88,18,,5
S094,2025-10-08,90,21,,4
S094,2025-10-09,85,16,,3
S094,2025-10-10,88,14,82,10
S094,2025-10-13,87,18,82,7
S094,2025-10-14,90,20,82,6
S095,2025-10-01,90,24,,9
S095,2025-10-02,88,27,,8
S095,2025-10-03,85,21,,7
S095,2025-10-04,90,25,,6
S095,2025-10-07,87,23,,5
S095,2025-10-08,90,28,,4
S095,2025-10-09,88,20,,3
S095,2025-10-10,90,18,89,10
S095,2025-10-13,87,24,89,7
S095,2025-10-14,90,26,89,6
S096,2025-10-01,25,1,,9
S096,2025-10-02,30,0,,8
S096,2025-10-03,22,2,,7
S096,2025-10-04,28,1,,6
S096,2025-10-07,25,0,,5
S096,2025-10-08,30,1,,4
S096,2025-10-09,22,0,,3
S096,2025-10-10,28,1,24,10
S096,2025-10-13,25,0,24,7
S096,2025-10-14,22,0,24,6
S097,2025-10-01,85,21,,9
S097,2025-10-02,88,24,,8
S097,2025-10-03,90,19,,7
S097,2025-10-04,87,22,,6
S097,2025-10-07,85,20,,5
S097,2025-10-08,88,23,,4
S097,2025-10-09,90,18,,3
S097,2025-10-10,85,16,85,10
S097,2025-10-13,88,20,85,7
S097,2025-10-14,90,22,85,6
S098,2025-10-01,50,12,,9
S098,2025-10-02,55,15,,8
S098,2025-10-03,48,10,,7
S098,2025-10-04,52,14,,6
S098,2025-10-07,55,18,,5
S098,2025-10-08,58,22,,4
S098,2025-10-09,60,25,,3
S098,2025-10-10,62,28,92,10
S098,2025-10-13,65,30,92,7
S098,2025-10-14,68,32,92,6
S099,2025-10-01,85,18,,9
S099,2025-10-02,88,21,,8
S099,2025-10-03,90,17,,7
S099,2025-10-04,87,20,,6
S099,2025-10-07,85,19,,5
S099,2025-10-08,88,22,,4
S099,2025-10-09,90,16,,3
S099,2025-10-10,85,14,83,10
S099,2025-10-13,88,18,83,7
S099,2025-10-14,90,20,83,6
S100,2025-10-01,90,23,,9
S100,2025-10-02,88,26,,8
S100,2025-10-03,85,20,,7
S100,2025-10-04,90,24,,6
S100,2025-10-07,87,22,,5
S100,2025-10-08,90,27,,4
S100,2025-10-09,88,19,,3
S100,2025-10-10,90,17,88,10
S100,2025-10-13,87,23,88,7
S100,2025-10-14,90,25,88,6
S101,2025-10-01,85,19,,9
S101,2025-10-02,88,22,,8
S101,2025-10-03,90,17,,7
S101,2025-10-04,87,20,,6
S101,2025-10-07,85,18,,5
S101,2025-10-08,88,21,,4
S101,2025-10-09,90,16,,3
S101,2025-10-10,85,14,84,10
S101,2025-10-13,0,0,84,7
S101,2025-10-14,0,0,84,6
S102,2025-10-01,42,5,,9
S102,2025-10-02,45,3,,8
S102,2025-10-03,40,6,,7
S102,2025-10-04,42,4,,6
S102,2025-10-07,45,2,,5
S102,2025-10-08,40,5,,4
S102,2025-10-09,42,3,,3
S102,2025-10-10,45,4,41,10
S102,2025-10-13,40,2,41,7
S102,2025-10-14,42,1,41,6
S103,2025-10-01,85,20,,9
S103,2025-10-02,88,23,,8
S103,2025-10-03,90,18,,7
S103,2025-10-04,87,21,,6
S103,2025-10-07,85,19,,5
S103,2025-10-08,88,22,,4
S103,2025-10-09,90,17,,3
S103,2025-10-10,85,15,86,10
S103,2025-10-13,88,20,86,7
S103,2025-10-14,90,22,86,6
S104,2025-10-01,68,9,,9
S104,2025-10-02,70,11,,8
S104,2025-10-03,72,8,,7
S104,2025-10-04,68,10,,6
S104,2025-10-07,70,9,,5
S104,2025-10-08,72,12,,4
S104,2025-10-09,68,8,,3
S104,2025-10-10,70,7,66,10
S104,2025-10-13,72,10,66,7
S104,2025-10-14,68,11,66,6
S105,2025-10-01,87,0,,9
S105,2025-10-02,90,1,,8
S105,2025-10-03,88,0,,7
S105,2025-10-04,85,2,,6
S105,2025-10-07,87,0,,5
S105,2025-10-08,90,1,,4
S105,2025-10-09,88,0,,3
S105,2025-10-10,85,1,59,10
S105,2025-10-13,87,0,59,7
S105,2025-10-14,90,0,59,6
S106,2025-10-01,88,19,,9
S106,2025-10-02,85,22,,8
S106,2025-10-03,90,17,,7
S106,2025-10-04,87,20,,6
S106,2025-10-07,88,18,,5
S106,2025-10-08,90,21,,4
S106,2025-10-09,85,16,,3
S106,2025-10-10,88,14,81,10
S106,2025-10-13,87,18,81,7
S106,2025-10-14,90,20,81,6
S107,2025-10-01,90,24,,9
S107,2025-10-02,88,27,,8
S107,2025-10-03,85,21,,7
S107,2025-10-04,90,25,,6
S107,2025-10-07,87,23,,5
S107,2025-10-08,90,28,,4
S107,2025-10-09,88,20,,3
S107,2025-10-10,90,18,90,10
S107,2025-10-13,87,24,90,7
S107,2025-10-14,90,26,90,6
S108,2025-10-01,28,2,,9
S108,2025-10-02,32,1,,8
S108,2025-10-03,25,0,,7
S108,2025-10-04,30,2,,6
S108,2025-10-07,28,1,,5
S108,2025-10-08,32,0,,4
S108,2025-10-09,25,1,,3
S108,2025-10-10,30,1,28,10
S108,2025-10-13,28,0,28,7
S108,2025-10-14,25,0,28,6
S109,2025-10-01,85,21,,9
S109,2025-10-02,88,24,,8
S109,2025-10-03,90,19,,7
S109,2025-10-04,87,22,,6
S109,2025-10-07,85,20,,5
S109,2025-10-08,88,23,,4
S109,2025-10-09,90,18,,3
S109,2025-10-10,85,16,84,10
S109,2025-10-13,88,20,84,7
S109,2025-10-14,90,22,84,6
S110,2025-10-01,48,13,,9
S110,2025-10-02,52,16,,8
S110,2025-10-03,45,11,,7
S110,2025-10-04,48,15,,6
S110,2025-10-07,52,13,,5
S110,2025-10-08,55,18,,4
S110,2025-10-09,48,10,,3
S110,2025-10-10,52,8,58,10
S110,2025-10-13,55,14,58,7
S110,2025-10-14,48,12,58,6
S111,2025-10-01,85,18,,9
S111,2025-10-02,88,21,,8
S111,2025-10-03,90,17,,7
S111,2025-10-04,87,20,,6
S111,2025-10-07,85,19,,5
S111,2025-10-08,88,22,,4
S111,2025-10-09,90,16,,3
S111,2025-10-10,85,14,83,10
S111,2025-10-13,88,18,83,7
S111,2025-10-14,90,20,83,6
S112,2025-10-01,90,23,,9
S112,2025-10-02,88,26,,8
S112,2025-10-03,85,20,,7
S112,2025-10-04,90,24,,6
S112,2025-10-07,87,22,,5
S112,2025-10-08,90,27,,4
S112,2025-10-09,88,19,,3
S112,2025-10-10,90,17,87,10
S112,2025-10-13,87,23,87,7
S112,2025-10-14,90,25,87,6
S113,2025-10-01,30,2,,9
S113,2025-10-02,35,1,,8
S113,2025-10-03,28,0,,7
S113,2025-10-04,32,2,,6
S113,2025-10-07,30,1,,5
S113,2025-10-08,35,0,,4
S113,2025-10-09,28,1,,3
S113,2025-10-10,32,1,31,10
S113,2025-10-13,30,0,31,7
S113,2025-10-14,28,0,31,6
S114,2025-10-01,85,20,,9
S114,2025-10-02,88,23,,8
S114,2025-10-03,90,18,,7
S114,2025-10-04,87,21,,6
S114,2025-10-07,85,19,,5
S114,2025-10-08,88,22,,4
S114,2025-10-09,90,17,,3
S114,2025-10-10,85,15,85,10
S114,2025-10-13,88,20,85,7
S114,2025-10-14,90,22,85,6
S115,2025-10-01,65,8,,9
S115,2025-10-02,68,10,,8
S115,2025-10-03,70,7,,7
S115,2025-10-04,65,9,,6
S115,2025-10-07,68,8,,5
S115,2025-10-08,70,11,,4
S115,2025-10-09,65,7,,3
S115,2025-10-10,68,6,65,10
S115,2025-10-13,70,9,65,7
S115,2025-10-14,65,10,65,6
S116,2025-10-01,88,1,,9
S116,2025-10-02,90,0,,8
S116,2025-10-03,85,2,,7
S116,2025-10-04,88,1,,6
S116,2025-10-07,90,0,,5
S116,2025-10-08,87,1,,4
S116,2025-10-09,85,0,,3
S116,2025-10-10,88,1,61,10
S116,2025-10-13,90,0,61,7
S116,2025-10-14,87,2,61,6
S117,2025-10-01,85,19,,9
S117,2025-10-02,88,22,,8
S117,2025-10-03,90,17,,7
S117,2025-10-04,87,20,,6
S117,2025-10-07,85,18,,5
S117,2025-10-08,88,21,,4
S117,2025-10-09,90,16,,3
S117,2025-10-10,85,14,82,10
S117,2025-10-13,25,4,82,7
S117,2025-10-14,10,1,82,6
S118,2025-10-01,88,19,,9
S118,2025-10-02,85,22,,8
S118,2025-10-03,90,17,,7
S118,2025-10-04,87,20,,6
S118,2025-10-07,88,18,,5
S118,2025-10-08,90,21,,4
S118,2025-10-09,85,16,,3
S118,2025-10-10,88,14,81,10
S118,2025-10-13,87,18,81,7
S118,2025-10-14,90,20,81,6
S119,2025-10-01,90,24,,9
S119,2025-10-02,88,27,,8
S119,2025-10-03,85,21,,7
S119,2025-10-04,90,25,,6
S119,2025-10-07,87,23,,5
S119,2025-10-08,90,28,,4
S119,2025-10-09,88,20,,3
S119,2025-10-10,90,18,89,10
S119,2025-10-13,87,24,89,7
S119,2025-10-14,90,26,89,6
S120,2025-10-01,25,1,,9
S120,2025-10-02,30,0,,8
S120,2025-10-03,22,2,,7
S120,2025-10-04,28,1,,6
S120,2025-10-07,25,0,,5
S120,2025-10-08,30,1,,4
S120,2025-10-09,22,0,,3
S120,2025-10-10,28,1,25,10
S120,2025-10-13,25,0,25,7
S120,2025-10-14,22,0,25,6
S121,2025-10-01,85,21,,9
S121,2025-10-02,88,24,,8
S121,2025-10-03,90,19,,7
S121,2025-10-04,87,22,,6
S121,2025-10-07,85,20,,5
S121,2025-10-08,88,23,,4
S121,2025-10-09,90,18,,3
S121,2025-10-10,85,16,84,10
S121,2025-10-13,88,20,84,7
S121,2025-10-14,90,22,84,6
S122,2025-10-01,45,14,,9
S122,2025-10-02,48,17,,8
S122,2025-10-03,42,12,,7
S122,2025-10-04,45,16,,6
S122,2025-10-07,48,14,,5
S122,2025-10-08,50,19,,4
S122,2025-10-09,45,11,,3
S122,2025-10-10,48,9,56,10
S122,2025-10-13,50,15,56,7
S122,2025-10-14,45,13,56,6
S123,2025-10-01,85,0,,9
S123,2025-10-02,88,1,,8
S123,2025-10-03,90,0,,7
S123,2025-10-04,87,2,,6
S123,2025-10-07,85,0,,5
S123,2025-10-08,88,1,,4
S123,2025-10-09,90,0,,3
S123,2025-10-10,85,1,58,10
S123,2025-10-13,0,0,58,7
S123,2025-10-14,0,0,58,6
S124,2025-10-01,85,18,,9
S124,2025-10-02,88,21,,8
S124,2025-10-03,90,17,,7
S124,2025-10-04,87,20,,6
S124,2025-10-07,85,19,,5
S124,2025-10-08,88,22,,4
S124,2025-10-09,90,16,,3
S124,2025-10-10,85,14,82,10
S124,2025-10-13,88,18,82,7
S124,2025-10-14,90,20,82,6
S125,2025-10-01,90,23,,9
S125,2025-10-02,88,26,,8
S125,2025-10-03,85,20,,7
S125,2025-10-04,90,24,,6
S125,2025-10-07,87,22,,5
S125,2025-10-08,90,27,,4
S125,2025-10-09,88,19,,3
S125,2025-10-10,90,17,87,10
S125,2025-10-13,87,23,87,7
S125,2025-10-14,90,25,87,6
S126,2025-10-01,28,2,,9
S126,2025-10-02,32,1,,8
S126,2025-10-03,25,0,,7
S126,2025-10-04,30,2,,6
S126,2025-10-07,28,1,,5
S126,2025-10-08,32,0,,4
S126,2025-10-09,25,1,,3
S126,2025-10-10,30,1,29,10
S126,2025-10-13,28,0,29,7
S126,2025-10-14,25,0,29,6
S127,2025-10-01,85,20,,9
S127,2025-10-02,88,23,,8
S127,2025-10-03,90,18,,7
S127,2025-10-04,87,21,,6
S127,2025-10-07,85,19,,5
S127,2025-10-08,88,22,,4
S127,2025-10-09,90,17,,3
S127,2025-10-10,85,15,84,10
S127,2025-10-13,88,20,84,7
S127,2025-10-14,90,22,84,6
S128,2025-10-01,62,8,,9
S128,2025-10-02,65,10,,8
S128,2025-10-03,68,7,,7
S128,2025-10-04,62,9,,6
S128,2025-10-07,65,8,,5
S128,2025-10-08,68,11,,4
S128,2025-10-09,62,7,,3
S128,2025-10-10,65,6,64,10
S128,2025-10-13,68,9,64,7
S128,2025-10-14,62,10,64,6
S129,2025-10-01,87,0,,9
S129,2025-10-02,90,1,,8
S129,2025-10-03,88,0,,7
S129,2025-10-04,85,2,,6
S129,2025-10-07,87,0,,5
S129,2025-10-08,90,1,,4
S129,2025-10-09,88,0,,3
S129,2025-10-10,85,1,58,10
S129,2025-10-13,87,0,58,7
S129,2025-10-14,90,0,58,6
S130,2025-10-01,88,19,,9
S130,2025-10-02,85,22,,8
S130,2025-10-03,90,17,,7
S130,2025-10-04,87,20,,6
S130,2025-10-07,88,18,,5
S130,2025-10-08,90,21,,4
S130,2025-10-09,85,16,,3
S130,2025-10-10,88,14,80,10
S130,2025-10-13,87,18,80,7
S130,2025-10-14,90,20,80,6
S131,2025-10-01,90,24,,9
S131,2025-10-02,88,27,,8
S131,2025-10-03,85,21,,7
S131,2025-10-04,90,25,,6
S131,2025-10-07,87,23,,5
S131,2025-10-08,90,28,,4
S131,2025-10-09,88,20,,3
S131,2025-10-10,90,18,88,10
S131,2025-10-13,87,24,88,7
S131,2025-10-14,90,26,88,6
S132,2025-10-01,22,1,,9
S132,2025-10-02,28,0,,8
S132,2025-10-03,20,2,,7
S132,2025-10-04,25,1,,6
S132,2025-10-07,22,0,,5
S132,2025-10-08,28,1,,4
S132,2025-10-09,20,0,,3
S132,2025-10-10,25,1,23,10
S132,2025-10-13,22,0,23,7
S132,2025-10-14,20,0,23,6
S133,2025-10-01,85,21,,9
S133,2025-10-02,88,24,,8
S133,2025-10-03,90,19,,7
S133,2025-10-04,87,22,,6
S133,2025-10-07,85,20,,5
S133,2025-10-08,88,23,,4
S133,2025-10-09,90,18,,3
S133,2025-10-10,85,16,83,10
S133,2025-10-13,88,20,83,7
S133,2025-10-14,90,22,83,6
S134,2025-10-01,55,10,,9
S134,2025-10-02,48,8,,8
S134,2025-10-03,60,12,,7
S134,2025-10-04,52,9,,6
S134,2025-10-07,58,11,,5
S134,2025-10-08,50,8,,4
S134,2025-10-09,55,10,,3
S134,2025-10-10,48,7,60,10
S134,2025-10-13,52,9,60,7
S134,2025-10-14,48,8,60,6
S135,2025-10-01,85,18,,9
S135,2025-10-02,88,21,,8
S135,2025-10-03,90,17,,7
S135,2025-10-04,87,20,,6
S135,2025-10-07,85,19,,5
S135,2025-10-08,88,22,,4
S135,2025-10-09,90,16,,3
S135,2025-10-10,85,14,81,10
S135,2025-10-13,88,18,81,7
S135,2025-10-14,90,20,81,6
S136,2025-10-01,90,23,,9
S136,2025-10-02,88,26,,8
S136,2025-10-03,85,20,,7
S136,2025-10-04,90,24,,6
S136,2025-10-07,87,22,,5
S136,2025-10-08,90,27,,4
S136,2025-10-09,88,19,,3
S136,2025-10-10,90,17,86,10
S136,2025-10-13,87,23,86,7
S136,2025-10-14,90,25,86,6
S137,2025-10-01,25,2,,9
S137,2025-10-02,30,1,,8
S137,2025-10-03,22,0,,7
S137,2025-10-04,28,2,,6
S137,2025-10-07,25,1,,5
S137,2025-10-08,30,0,,4
S137,2025-10-09,22,1,,3
S137,2025-10-10,28,1,27,10
S137,2025-10-13,25,0,27,7
S137,2025-10-14,22,0,27,6
S138,2025-10-01,85,20,,9
S138,2025-10-02,88,23,,8
S138,2025-10-03,90,18,,7
S138,2025-10-04,87,21,,6
S138,2025-10-07,85,19,,5
S138,2025-10-08,88,22,,4
S138,2025-10-09,90,17,,3
S138,2025-10-10,85,15,82,10
S138,2025-10-13,88,20,82,7
S138,2025-10-14,90,22,82,6
S139,2025-10-01,60,7,,9
S139,2025-10-02,65,9,,8
S139,2025-10-03,68,6,,7
S139,2025-10-04,60,8,,6
S139,2025-10-07,65,7,,5
S139,2025-10-08,68,10,,4
S139,2025-10-09,60,6,,3
S139,2025-10-10,65,5,62,10
S139,2025-10-13,68,8,62,7
S139,2025-10-14,60,9,62,6
S140,2025-10-01,87,0,,9
S140,2025-10-02,90,1,,8
S140,2025-10-03,88,0,,7
S140,2025-10-04,85,2,,6
S140,2025-10-07,87,0,,5
S140,2025-10-08,90,1,,4
S140,2025-10-09,88,0,,3
S140,2025-10-10,85,1,57,10
S140,2025-10-13,87,0,57,7
S140,2025-10-14,90,0,57,6
S141,2025-10-01,85,19,,9
S141,2025-10-02,88,22,,8
S141,2025-10-03,90,17,,7
S141,2025-10-04,87,20,,6
S141,2025-10-07,85,18,,5
S141,2025-10-08,88,21,,4
S141,2025-10-09,90,16,,3
S141,2025-10-10,85,14,79,10
S141,2025-10-13,15,2,79,7
S141,2025-10-14,0,0,79,6
S142,2025-10-01,88,19,,9
S142,2025-10-02,85,22,,8
S142,2025-10-03,90,17,,7
S142,2025-10-04,87,20,,6
S142,2025-10-07,88,18,,5
S142,2025-10-08,90,21,,4
S142,2025-10-09,85,16,,3
S142,2025-10-10,88,14,79,10
S142,2025-10-13,87,18,79,7
S142,2025-10-14,90,20,79,6
S143,2025-10-01,90,24,,9
S143,2025-10-02,88,27,,8
S143,2025-10-03,85,21,,7
S143,2025-10-04,90,25,,6
S143,2025-10-07,87,23,,5
S143,2025-10-08,90,28,,4
S143,2025-10-09,88,20,,3
S143,2025-10-10,90,18,87,10
S143,2025-10-13,87,24,87,7
S143,2025-10-14,90,26,87,6
S144,2025-10-01,20,1,,9
S144,2025-10-02,25,0,,8
S144,2025-10-03,18,2,,7
S144,2025-10-04,22,1,,6
S144,2025-10-07,20,0,,5
S144,2025-10-08,25,1,,4
S144,2025-10-09,18,0,,3
S144,2025-10-10,22,1,21,10
S144,2025-10-13,20,0,21,7
S144,2025-10-14,18,0,21,6
S145,2025-10-01,0,0,,9
S145,2025-10-02,0,0,,8
S145,2025-10-03,0,0,,7
S145,2025-10-04,0,0,,6
S145,2025-10-07,15,2,,5
S145,2025-10-08,20,3,,4
S145,2025-10-09,25,5,,3
S145,2025-10-10,,0,0,10
S145,2025-10-13,70,15,0,7
S145,2025-10-14,75,18,0,6
S146,2025-10-01,42,12,,9
S146,2025-10-02,45,15,,8
S146,2025-10-03,40,10,,7
S146,2025-10-04,42,14,,6
S146,2025-10-07,45,12,,5
S146,2025-10-08,48,17,,4
S146,2025-10-09,42,9,,3
S146,2025-10-10,45,7,54,10
S146,2025-10-13,48,13,54,7
S146,2025-10-14,42,11,54,6
S147,2025-10-01,85,18,,9
S147,2025-10-02,88,21,,8
S147,2025-10-03,90,17,,7
S147,2025-10-04,87,20,,6
S147,2025-10-07,85,19,,5
S147,2025-10-08,88,22,,4
S147,2025-10-09,90,16,,3
S147,2025-10-10,85,14,80,10
S147,2025-10-13,88,18,80,7
S147,2025-10-14,90,20,80,6
S148,2025-10-01,90,23,,9
S148,2025-10-02,88,26,,8
S148,2025-10-03,85,20,,7
S148,2025-10-04,90,24,,6
S148,2025-10-07,87,22,,5
S148,2025-10-08,90,27,,4
S148,2025-10-09,88,19,,3
S148,2025-10-10,90,17,85,10
S148,2025-10-13,87,23,85,7
S148,2025-10-14,90,25,85,6
S149,2025-10-01,22,2,,9
S149,2025-10-02,28,1,,8
S149,2025-10-03,20,0,,7
S149,2025-10-04,25,2,,6
S149,2025-10-07,22,1,,5
S149,2025-10-08,28,0,,4
S149,2025-10-09,20,1,,3
S149,2025-10-10,25,1,25,10
S149,2025-10-13,22,0,25,7
S149,2025-10-14,20,0,25,6
S150,2025-10-01,85,20,,9
S150,2025-10-02,88,23,,8
S150,2025-10-03,90,18,,7
S150,2025-10-04,87,21,,6
S150,2025-10-07,85,19,,5
S150,2025-10-08,88,22,,4
S150,2025-10-09,90,17,,3
S150,2025-10-10,85,15,81,10
S150,2025-10-13,88,20,81,7
S150,2025-10-14,90,22,81,6
S151,2025-10-01,58,7,,9
S151,2025-10-02,62,9,,8
S151,2025-10-03,65,6,,7
S151,2025-10-04,58,8,,6
S151,2025-10-07,62,7,,5
S151,2025-10-08,65,10,,4
S151,2025-10-09,58,6,,3
S151,2025-10-10,62,5,61,10
S151,2025-10-13,65,8,61,7
S151,2025-10-14,58,9,61,6
S152,2025-10-01,87,0,,9
S152,2025-10-02,90,1,,8
S152,2025-10-03,88,0,,7
S152,2025-10-04,85,2,,6
S152,2025-10-07,87,0,,5
S152,2025-10-08,90,1,,4
S152,2025-10-09,88,0,,3
S152,2025-10-10,85,1,56,10
S152,2025-10-13,87,0,56,7
S152,2025-10-14,90,0,56,6
S153,2025-10-01,88,19,,9
S153,2025-10-02,85,22,,8
S153,2025-10-03,90,17,,7
S153,2025-10-04,87,20,,6
S153,2025-10-07,88,18,,5
S153,2025-10-08,90,21,,4
S153,2025-10-09,85,16,,3
S153,2025-10-10,88,14,78,10
S153,2025-10-13,87,18,78,7
S153,2025-10-14,90,20,78,6
S154,2025-10-01,90,24,,9
S154,2025-10-02,88,27,,8
S154,2025-10-03,85,21,,7
S154,2025-10-04,90,25,,6
S154,2025-10-07,87,23,,5
S154,2025-10-08,90,28,,4
S154,2025-10-09,88,20,,3
S154,2025-10-10,90,18,86,10
S154,2025-10-13,87,24,86,7
S154,2025-10-14,90,26,86,6
S155,2025-10-01,18,1,,9
S155,2025-10-02,22,0,,8
S155,2025-10-03,15,2,,7
S155,2025-10-04,20,1,,6
S155,2025-10-07,18,0,,5
S155,2025-10-08,22,1,,4
S155,2025-10-09,15,0,,3
S155,2025-10-10,20,1,19,10
S155,2025-10-13,18,0,19,7
S155,2025-10-14,15,0,19,6
S156,2025-10-01,40,5,,9
S156,2025-10-02,45,8,,8
S156,2025-10-03,38,4,,7
S156,2025-10-04,42,7,,6
S156,2025-10-07,55,15,,5
S156,2025-10-08,60,20,,4
S156,2025-10-09,65,24,,3
S156,2025-10-10,70,28,78,10
S156,2025-10-13,75,30,78,7
S156,2025-10-14,78,32,78,6
S157,2025-10-01,85,18,,9
S157,2025-10-02,88,21,,8
S157,2025-10-03,90,17,,7
S157,2025-10-04,87,20,,6
S157,2025-10-07,85,19,,5
S157,2025-10-08,88,22,,4
S157,2025-10-09,90,16,,3
S157,2025-10-10,85,14,79,10
S157,2025-10-13,88,18,79,7
S157,2025-10-14,90,20,79,6
S158,2025-10-01,90,23,,9
S158,2025-10-02,88,26,,8
S158,2025-10-03,85,20,,7
S158,2025-10-04,90,24,,6
S158,2025-10-07,87,22,,5
S158,2025-10-08,90,27,,4
S158,2025-10-09,88,19,,3
S158,2025-10-10,90,17,84,10
S158,2025-10-13,87,23,84,7
S158,2025-10-14,90,25,84,6
S159,2025-10-01,20,2,,9
S159,2025-10-02,25,1,,8
S159,2025-10-03,18,0,,7
S159,2025-10-04,22,2,,6
S159,2025-10-07,20,1,,5
S159,2025-10-08,25,0,,4
S159,2025-10-09,18,1,,3
S159,2025-10-10,22,1,23,10
S159,2025-10-13,20,0,23,7
S159,2025-10-14,18,0,23,6
S160,2025-10-01,85,20,,9
S160,2025-10-02,88,23,,8
S160,2025-10-03,90,18,,7
S160,2025-10-04,87,21,,6
S160,2025-10-07,85,19,,5
S160,2025-10-08,88,22,,4
S160,2025-10-09,90,17,,3
S160,2025-10-10,85,15,80,10
S160,2025-10-13,88,20,80,7
S160,2025-10-14,90,22,80,6
S161,2025-10-01,55,6,,9
S161,2025-10-02,58,8,,8
S161,2025-10-03,62,5,,7
S161,2025-10-04,55,7,,6
S161,2025-10-07,58,6,,5
S161,2025-10-08,62,9,,4
S161,2025-10-09,55,5,,3
S161,2025-10-10,58,4,59,10
S161,2025-10-13,62,7,59,7
S161,2025-10-14,55,8,59,6
S162,2025-10-01,87,0,,9
S162,2025-10-02,90,1,,8
S162,2025-10-03,88,0,,7
S162,2025-10-04,85,2,,6
S162,2025-10-07,87,0,,5
S162,2025-10-08,90,1,,4
S162,2025-10-09,88,0,,3
S162,2025-10-10,85,1,55,10
S162,2025-10-13,87,0,55,7
S162,2025-10-14,90,0,55,6
S163,2025-10-01,88,85,,9
S163,2025-10-02,85,22,,8
S163,2025-10-03,90,17,,7
S163,2025-10-04,87,20,,6
S163,2025-10-07,88,18,,5
S163,2025-10-08,90,21,,4
S163,2025-10-09,85,16,,3
S163,2025-10-10,88,14,77,10
S163,2025-10-13,25,2,77,7
S163,2025-10-14,15,0,77,6
S164,2025-10-01,88,19,,9
S164,2025-10-02,85,22,,8
S164,2025-10-03,90,17,,7
S164,2025-10-04,87,20,,6
S164,2025-10-07,88,18,,5
S164,2025-10-08,90,21,,4
S164,2025-10-09,85,16,,3
S164,2025-10-10,88,14,77,10
S164,2025-10-13,87,18,77,7
S164,2025-10-14,90,20,77,6
S165,2025-10-01,90,24,,9
S165,2025-10-02,88,27,,8
S165,2025-10-03,85,21,,7
S165,2025-10-04,90,25,,6
S165,2025-10-07,87,23,,5
S165,2025-10-08,90,28,,4
S165,2025-10-09,88,20,,3
S165,2025-10-10,90,18,83,10
S165,2025-10-13,87,24,83,7
S165,2025-10-14,90,26,83,6
S166,2025-10-01,15,1,,9
S166,2025-10-02,20,0,,8
S166,2025-10-03,12,2,,7
S166,2025-10-04,18,1,,6
S166,2025-10-07,15,0,,5
S166,2025-10-08,20,1,,4
S166,2025-10-09,12,0,,3
S166,2025-10-10,18,1,17,10
S166,2025-10-13,15,0,17,7
S166,2025-10-14,12,0,17,6
S167,2025-10-01,85,21,,9
S167,2025-10-02,88,24,,8
S167,2025-10-03,90,19,,7
S167,2025-10-04,87,22,,6
S167,2025-10-07,85,20,,5
S167,2025-10-08,88,23,,4
S167,2025-10-09,90,18,,3
S167,2025-10-10,85,16,79,10
S167,2025-10-13,88,20,79,7
S167,2025-10-14,90,22,79,6
S168,2025-10-01,38,10,,9
S168,2025-10-02,42,13,,8
S168,2025-10-03,35,8,,7
S168,2025-10-04,40,12,,6
S168,2025-10-07,38,10,,5
S168,2025-10-08,42,15,,4
S168,2025-10-09,35,7,,3
S168,2025-10-10,40,5,51,10
S168,2025-10-13,42,11,51,7
S168,2025-10-14,38,9,51,6
S169,2025-10-01,85,18,,9
S169,2025-10-02,88,21,,8
S169,2025-10-03,90,17,,7
S169,2025-10-04,87,20,,6
S169,2025-10-07,85,19,,5
S169,2025-10-08,88,22,,4
S169,2025-10-09,90,16,,3
S169,2025-10-10,85,14,78,10
S169,2025-10-13,88,18,78,7
S169,2025-10-14,90,20,78,6
S170,2025-10-01,90,23,,9
S170,2025-10-02,88,26,,8
S170,2025-10-03,85,20,,7
S170,2025-10-04,90,24,,6
S170,2025-10-07,87,22,,5
S170,2025-10-08,90,27,,4
S170,2025-10-09,88,19,,3
S170,2025-10-10,90,17,83,10
S170,2025-10-13,87,23,83,7
S170,2025-10-14,90,25,83,6
S171,2025-10-01,18,2,,9
S171,2025-10-02,22,1,,8
S171,2025-10-03,15,0,,7
S171,2025-10-04,20,2,,6
S171,2025-10-07,18,1,,5
S171,2025-10-08,22,0,,4
S171,2025-10-09,15,1,,3
S171,2025-10-10,20,1,20,10
S171,2025-10-13,18,0,20,7
S171,2025-10-14,15,0,20,6
S172,2025-10-01,85,20,,9
S172,2025-10-02,88,23,,8
S172,2025-10-03,90,18,,7
S172,2025-10-04,87,21,,6
S172,2025-10-07,85,19,,5
S172,2025-10-08,88,22,,4
S172,2025-10-09,90,17,,3
S172,2025-10-10,85,15,79,10
S172,2025-10-13,88,20,79,7
S172,2025-10-14,90,22,79,6
S173,2025-10-01,52,5,,9
S173,2025-10-02,55,7,,8
S173,2025-10-03,58,4,,7
S173,2025-10-04,52,6,,6
S173,2025-10-07,55,5,,5
S173,2025-10-08,58,8,,4
S173,2025-10-09,52,4,,3
S173,2025-10-10,55,3,57,10
S173,2025-10-13,58,6,57,7
S173,2025-10-14,52,7,57,6
S174,2025-10-01,87,0,,9
S174,2025-10-02,90,1,,8
S174,2025-10-03,88,0,,7
S174,2025-10-04,85,2,,6
S174,2025-10-07,87,0,,5
S174,2025-10-08,90,1,,4
S174,2025-10-09,88,0,,3
S174,2025-10-10,85,1,54,10
S174,2025-10-13,87,0,54,7
S174,2025-10-14,90,0,54,6
S175,2025-10-01,88,19,,9
S175,2025-10-02,85,22,,8
S175,2025-10-03,90,17,,7
S175,2025-10-04,87,20,,6
S175,2025-10-07,88,18,,5
S175,2025-10-08,90,21,,4
S175,2025-10-09,85,16,,3
S175,2025-10-10,88,14,76,10
S175,2025-10-13,87,18,76,7
S175,2025-10-14,90,20,76,6
S176,2025-10-01,90,24,,9
S176,2025-10-02,88,27,,8
S176,2025-10-03,85,21,,7
S176,2025-10-04,90,25,,6
S176,2025-10-07,87,23,,5
S176,2025-10-08,90,28,,4
S176,2025-10-09,88,20,,3
S176,2025-10-10,90,18,82,10
S176,2025-10-13,87,24,82,7
S176,2025-10-14,90,26,82,6
S177,2025-10-01,15,1,,9
S177,2025-10-02,20,0,,8
S177,2025-10-03,12,2,,7
S177,2025-10-04,18,1,,6
S177,2025-10-07,15,0,,5
S177,2025-10-08,20,1,,4
S177,2025-10-09,12,0,,3
S177,2025-10-10,18,1,18,10
S177,2025-10-13,15,0,18,7
S177,2025-10-14,12,0,18,6
S178,2025-10-01,85,21,,9
S178,2025-10-02,88,24,,8
S178,2025-10-03,90,19,,7
S178,2025-10-04,87,22,,6
S178,2025-10-07,85,20,,5
S178,2025-10-08,88,23,,4
S178,2025-10-09,90,18,,3
S178,2025-10-10,85,16,78,10
S178,2025-10-13,88,20,78,7
S178,2025-10-14,90,22,78,6
S179,2025-10-01,35,8,,9
S179,2025-10-02,40,11,,8
S179,2025-10-03,32,6,,7
S179,2025-10-04,38,10,,6
S179,2025-10-07,35,8,,5
S179,2025-10-08,40,13,,4
S179,2025-10-09,32,5,,3
S179,2025-10-10,38,3,49,10
S179,2025-10-13,40,9,49,7
S179,2025-10-14,35,7,49,6
S180,2025-10-01,85,18,,9
S180,2025-10-02,88,21,,8
S180,2025-10-03,90,17,,7
S180,2025-10-04,87,20,,6
S180,2025-10-07,85,19,,5
S180,2025-10-08,88,22,,4
S180,2025-10-09,90,16,,3
S180,2025-10-10,85,14,77,10
S180,2025-10-13,88,18,77,7
S180,2025-10-14,90,20,77,6
S181,2025-10-01,90,23,,9
S181,2025-10-02,88,26,,8
S181,2025-10-03,85,20,,7
S181,2025-10-04,90,24,,6
S181,2025-10-07,87,22,,5
S181,2025-10-08,90,27,,4
S181,2025-10-09,88,19,,3
S181,2025-10-10,90,17,82,10
S181,2025-10-13,87,23,82,7
S181,2025-10-14,90,25,82,6
S182,2025-10-01,12,1,,9
S182,2025-10-02,18,0,,8
S182,2025-10-03,10,2,,7
S182,2025-10-04,15,1,,6
S182,2025-10-07,12,0,,5
S182,2025-10-08,18,1,,4
S182,2025-10-09,10,0,,3
S182,2025-10-10,15,1,15,10
S182,2025-10-13,12,0,15,7
S182,2025-10-14,10,0,15,6
S183,2025-10-01,85,20,,9
S183,2025-10-02,88,23,,8
S183,2025-10-03,90,18,,7
S183,2025-10-04,87,21,,6
S183,2025-10-07,85,19,,5
S183,2025-10-08,88,22,,4
S183,2025-10-09,90,17,,3
S183,2025-10-10,85,15,77,10
S183,2025-10-13,88,20,77,7
S183,2025-10-14,90,22,77,6
S184,2025-10-01,48,4,,9
S184,2025-10-02,52,6,,8
S184,2025-10-03,45,3,,7
S184,2025-10-04,50,5,,6
S184,2025-10-07,48,4,,5
S184,2025-10-08,52,7,,4
S184,2025-10-09,45,3,,3
S184,2025-10-10,50,2,55,10
S184,2025-10-13,52,5,55,7
S184,2025-10-14,48,6,55,6
S185,2025-10-01,87,0,,9
S185,2025-10-02,90,1,,8
S185,2025-10-03,88,0,,7
S185,2025-10-04,85,2,,6
S185,2025-10-07,87,0,,5
S185,2025-10-08,90,1,,4
S185,2025-10-09,88,0,,3
S185,2025-10-10,85,1,53,10
S185,2025-10-13,87,0,53,7
S185,2025-10-14,90,0,53,6
S186,2025-10-01,88,19,,9
S186,2025-10-02,85,22,,8
S186,2025-10-03,90,17,,7
S186,2025-10-04,87,20,,6
S186,2025-10-07,88,18,,5
S186,2025-10-08,90,21,,4
S186,2025-10-09,85,16,,3
S186,2025-10-10,88,14,75,10
S186,2025-10-13,87,18,75,7
S186,2025-10-14,90,20,75,6
S187,2025-10-01,90,24,,9
S187,2025-10-02,88,27,,8
S187,2025-10-03,85,21,,7
S187,2025-10-04,90,25,,6
S187,2025-10-07,87,23,,5
S187,2025-10-08,90,28,,4
S187,2025-10-09,88,20,,3
S187,2025-10-10,90,18,81,10
S187,2025-10-13,87,24,81,7
S187,2025-10-14,90,26,81,6
S188,2025-10-01,10,1,,9
S188,2025-10-02,15,0,,8
S188,2025-10-03,8,2,,7
S188,2025-10-04,12,1,,6
S188,2025-10-07,10,0,,5
S188,2025-10-08,15,1,,4
S188,2025-10-09,8,0,,3
S188,2025-10-10,12,1,13,10
S188,2025-10-13,10,0,13,7
S188,2025-10-14,8,0,13,6
S189,2025-10-01,85,21,,9
S189,2025-10-02,88,24,,8
S189,2025-10-03,90,19,,7
S189,2025-10-04,87,22,,6
S189,2025-10-07,85,20,,5
S189,2025-10-08,88,23,,4
S189,2025-10-09,90,18,,3
S189,2025-10-10,85,16,76,10
S189,2025-10-13,88,20,76,7
S189,2025-10-14,90,22,76,6
S190,2025-10-01,90,20,,9
S190,2025-10-02,85,18,,8
S190,2025-10-03,88,22,,7
S190,2025-10-04,82,15,,6
S190,2025-10-07,20,3,,5
S190,2025-10-08,25,5,,4
S190,2025-10-09,18,2,,3
S190,2025-10-10,22,1,46,10
S190,2025-10-13,0,0,46,7
S190,2025-10-14,0,0,46,6
S191,2025-10-01,32,7,,9
S191,2025-10-02,38,9,,8
S191,2025-10-03,30,5,,7
S191,2025-10-04,35,8,,6
S191,2025-10-07,32,7,,5
S191,2025-10-08,38,11,,4
S191,2025-10-09,30,4,,3
S191,2025-10-10,35,2,47,10
S191,2025-10-13,38,8,47,7
S191,2025-10-14,32,6,47,6
S192,2025-10-01,85,18,,9
S192,2025-10-02,88,21,,8
S192,2025-10-03,90,17,,7
S192,2025-10-04,87,20,,6
S192,2025-10-07,85,19,,5
S192,2025-10-08,88,22,,4
S192,2025-10-09,90,16,,3
S192,2025-10-10,85,14,75,10
S192,2025-10-13,88,18,75,7
S192,2025-10-14,90,20,75,6
S193,2025-10-01,90,23,,9
S193,2025-10-02,88,26,,8
S193,2025-10-03,85,20,,7
S193,2025-10-04,90,24,,6
S193,2025-10-07,87,22,,5
S193,2025-10-08,90,27,,4
S193,2025-10-09,88,19,,3
S193,2025-10-10,90,17,80,10
S193,2025-10-13,87,23,80,7
S193,2025-10-14,90,25,80,6
S194,2025-10-01,8,1,,9
S194,2025-10-02,12,0,,8
S194,2025-10-03,5,2,,7
S194,2025-10-04,10,1,,6
S194,2025-10-07,8,0,,5
S194,2025-10-08,12,1,,4
S194,2025-10-09,5,0,,3
S194,2025-10-10,10,1,11,10
S194,2025-10-13,8,0,11,7
S194,2025-10-14,5,0,11,6
S195,2025-10-01,85,20,,9
S195,2025-10-02,88,23,,8
S195,2025-10-03,90,18,,7
S195,2025-10-04,87,21,,6
S195,2025-10-07,85,19,,5
S195,2025-10-08,88,22,,4
S195,2025-10-09,90,17,,3
S195,2025-10-10,85,15,75,10
S195,2025-10-13,88,20,75,7
S195,2025-10-14,90,22,75,6
S196,2025-10-01,28,5,,9
S196,2025-10-02,32,7,,8
S196,2025-10-03,25,3,,7
S196,2025-10-04,30,6,,6
S196,2025-10-07,28,5,,5
S196,2025-10-08,32,9,,4
S196,2025-10-09,25,2,,3
S196,2025-10-10,30,1,45,10
S196,2025-10-13,32,6,45,7
S196,2025-10-14,28,4,45,6
S197,2025-10-01,85,18,,9
S197,2025-10-02,88,21,,8
S197,2025-10-03,90,17,,7
S197,2025-10-04,87,20,,6
S197,2025-10-07,85,19,,5
S197,2025-10-08,88,22,,4
S197,2025-10-09,90,16,,3
S197,2025-10-10,85,14,74,10
S197,2025-10-13,88,18,74,7
S197,2025-10-14,90,20,74,6
S198,2025-10-01,90,23,,9
S198,2025-10-02,88,26,,8
S198,2025-10-03,85,20,,7
S198,2025-10-04,90,24,,6
S198,2025-10-07,87,22,,5
S198,2025-10-08,90,27,,4
S198,2025-10-09,88,19,,3
S198,2025-10-10,90,17,79,10
S198,2025-10-13,87,23,79,7
S198,2025-10-14,90,25,79,6
S199,2025-10-01,5,1,,9
S199,2025-10-02,10,0,,8
S199,2025-10-03,2,2,,7
S199,2025-10-04,8,1,,6
S199,2025-10-07,5,0,,5
S199,2025-10-08,10,1,,4
S199,2025-10-09,2,0,,3
S199,2025-10-10,8,1,9,10
S199,2025-10-13,5,0,9,7
S199,2025-10-14,2,0,9,6
S200,2025-10-01,85,20,,9
S200,2025-10-02,88,23,,8
S200,2025-10-03,90,18,,7
S200,2025-10-04,87,21,,6
S200,2025-10-07,85,19,,5
S200,2025-10-08,88,22,,4
S200,2025-10-09,90,17,,3
S200,2025-10-10,85,15,74,10
S200,2025-10-13,88,20,74,7
S200,2025-10-14,90,22,74,6
